<?xml version="1.0" encoding="utf-8"?>
<mediatagexport>
  <mediataggroup>
    <mediatag>
      <mediatag_name>YouTube</mediatag_name>
      <mediatag_match>http://(\w+.|)youtube.com/watch?v={2}</mediatag_match>
      <mediatag_replace><![CDATA[<object width="425" height="355"><param name="movie" value="http://youtube.com/v/$2"></param><param name="wmode" value="transparent"></param><embed src="http://youtube.com/v/$2" type="application/x-shockwave-flash" wmode="transparent" width="425" height="355"></embed></object>]]></mediatag_replace>
      <mediatag_id>1</mediatag_id>
      <mediatag_position>6</mediatag_position>
    </mediatag>
    <mediatag>
      <mediatag_name>Google Video</mediatag_name>
      <mediatag_match>http://video.google.com/videoplay?docid={1}</mediatag_match>
      <mediatag_replace><![CDATA[<embed style="width:400px; height:326px;" id="VideoPlayback" type="application/x-shockwave-flash" src="http://video.google.com/googleplayer.swf?docId=$1&hl=en" flashvars=""> </embed>]]></mediatag_replace>
      <mediatag_id>2</mediatag_id>
      <mediatag_position>4</mediatag_position>
    </mediatag>
    <mediatag>
      <mediatag_name>MySpace Video</mediatag_name>
      <mediatag_match><![CDATA[http://vids.myspace.com/index.cfm?fuseaction=vids.individual(&amp;|&amp;amp;)videoid={2}(&amp;|&|$)]]></mediatag_match>
      <mediatag_replace><![CDATA[<embed src="http://mediaservices.myspace.com/services/media/embed.aspx/m=$2,t=1,mt=video" type="application/x-shockwave-flash" width="430" height="346"></embed>]]></mediatag_replace>
      <mediatag_id>3</mediatag_id>
      <mediatag_position>1</mediatag_position>
    </mediatag>
    <mediatag>
      <mediatag_name>GameTrailers</mediatag_name>
      <mediatag_match>http://www.gametrailers.com/{1}/{2}/{3}</mediatag_match>
      <mediatag_replace><![CDATA[<object classid="clsid:d27cdb6e-ae6d-11cf-96b8-444553540000" codebase="http://download.macromedia.com/pub/shockwave/cabs/flash/swflash.cab#version=8,0,0,0" id="gtembed" width="480" height="392">	<param name="allowScriptAccess" value="sameDomain" /> 	<param name="allowFullScreen" value="true" /> <param name="movie" value="http://www.gametrailers.com/remote_wrap.php?mid=$3"/> <param name="quality" value="high" /> <embed src="http://www.gametrailers.com/remote_wrap.php?mid=$3" swLiveConnect="true" name="gtembed" align="middle" allowScriptAccess="sameDomain" allowFullScreen="true" quality="high" pluginspage="http://www.macromedia.com/go/getflashplayer" type="application/x-shockwave-flash" width="480" height="392"></embed> </object>]]></mediatag_replace>
      <mediatag_id>4</mediatag_id>
      <mediatag_position>3</mediatag_position>
    </mediatag>
    <mediatag>
      <mediatag_name>Flickr Image Set</mediatag_name>
      <mediatag_match>http://www.flickr.com/photos/{1}/sets/{2}/</mediatag_match>
      <mediatag_replace><![CDATA[<iframe align="center" src="http://www.flickr.com/slideShow/index.gne?user_id=$1&set_id=$2" frameBorder="0" width="500" height="500"></iframe>]]></mediatag_replace>
      <mediatag_id>5</mediatag_id>
      <mediatag_position>2</mediatag_position>
    </mediatag>
    <mediatag>
      <mediatag_name>MP3</mediatag_name>
      <mediatag_match>{1}.mp3</mediatag_match>
      <mediatag_replace><![CDATA[<object type="application/x-shockwave-flash" data="{board_url}/public/mp3player.swf" width="300" height="40">
     <param name="movie" value="{board_url}/public/mp3player.swf" />
     <param name="FlashVars" value="mp3=$1.mp3&autoplay=0&loop=0&volume=100&showstop=1&showinfo=0" />
</object>]]></mediatag_replace>
      <mediatag_id>6</mediatag_id>
      <mediatag_position>5</mediatag_position>
    </mediatag>
    <mediatag>
      <mediatag_name>Flash Movie/Game</mediatag_name>
      <mediatag_match>{1}.swf</mediatag_match>
      <mediatag_replace><![CDATA[<embed src="$1.swf" {width} {height} play="true" loop="true" quality="best" type="application/x-shockwave-flash" wmode="transparent" pluginspace="http://www.macromedia.com/shockwave/download/index.cgi?P1_Prod_Version=ShockwaveFlash" />]]></mediatag_replace>
      <mediatag_id>7</mediatag_id>
      <mediatag_position>7</mediatag_position>
    </mediatag>
  </mediataggroup>
</mediatagexport>
