<?xml version="1.0" encoding="utf-8"?>
<hookexport>
  <hookdata>
    <config>
      <hook_name>Ad Code Sidebar</hook_name>
      <hook_desc>Displays ad code on the board index sidebar</hook_desc>
      <hook_author>Invision Power Services, Inc.</hook_author>
      <hook_email/>
      <hook_website>http://www.invisionpower.com</hook_website>
      <hook_update_check/>
      <hook_requirements><![CDATA[a:4:{s:20:"hook_ipb_version_min";i:0;s:20:"hook_ipb_version_max";i:0;s:20:"hook_php_version_min";s:0:"";s:20:"hook_php_version_max";s:0:"";}]]></hook_requirements>
      <hook_version_human>1.0.0</hook_version_human>
      <hook_version_long/>
      <hook_extra_data/>
      <hook_key>boardIndexSideBarAdCode</hook_key>
    </config>
  </hookdata>
  <hookfiles>
    <file>
      <hook_file_real>boardIndexSideBarAdCode.php</hook_file_real>
      <hook_type>templateHooks</hook_type>
      <hook_classname>boardIndexSideBarAdCode</hook_classname>
      <hook_data><![CDATA[a:7:{s:12:"dataLocation";s:0:"";s:15:"classToOverload";s:0:"";s:9:"skinGroup";s:11:"skin_boards";s:12:"skinFunction";s:18:"boardIndexTemplate";s:4:"type";s:7:"foreach";s:2:"id";s:11:"side_blocks";s:8:"position";s:9:"outer.pre";}]]></hook_data>
      <hooks_source><![CDATA[<?php

class boardIndexSideBarAdCode
{
	/**#@+
	 * Registry Object Shortcuts
	 *
	 * @access	protected
	 * @var		object
	 */
	protected $registry;
	protected $settings;
	/**#@-*/
	
	public function __construct()
	{
		/* Make registry objects */
		$this->registry		=  ipsRegistry::instance();
		$this->settings 	=& $this->registry->fetchSettings();
	}
	
	public function getOutput()
	{
		if( $this->registry->getClass('IPSAdCode')->userCanViewAds() )
		{
			return $this->registry->getClass('IPSAdCode')->getAdCode('ad_code_board_sidebar');
		}
		else
		{
			return '';
		}
	}

}]]></hooks_source>
    </file>
  </hookfiles>
  <hookextras_settings/>
  <hookextras_language/>
  <hookextras_modules/>
  <hookextras_help/>
  <hookextras_templates/>
  <hookextras_css/>
  <hookextras_tasks/>
  <hookextras_database_create/>
  <hookextras_database_alter/>
  <hookextras_database_update/>
  <hookextras_database_insert/>
</hookexport>
