<?xml version="1.0" encoding="utf-8"?>
<hookexport>
  <hookdata>
    <config>
      <hook_name>Shared Links</hook_name>
      <hook_desc>Displays various data about recently shared links</hook_desc>
      <hook_author>Invision Power Services</hook_author>
      <hook_email/>
      <hook_website/>
      <hook_update_check/>
      <hook_requirements><![CDATA[a:4:{s:20:"hook_ipb_version_min";i:0;s:20:"hook_ipb_version_max";i:0;s:20:"hook_php_version_min";s:0:"";s:20:"hook_php_version_max";s:0:"";}]]></hook_requirements>
      <hook_version_human>1.0.0</hook_version_human>
      <hook_version_long>10001</hook_version_long>
      <hook_extra_data><![CDATA[a:1:{s:8:"database";a:0:{}}]]></hook_extra_data>
      <hook_key>sharelinks</hook_key>
    </config>
  </hookdata>
  <hookfiles>
    <file>
      <hook_file_real>boardIndexShareLinks.php</hook_file_real>
      <hook_type>templateHooks</hook_type>
      <hook_classname>boardIndexShareLinks</hook_classname>
      <hook_data><![CDATA[a:7:{s:12:"dataLocation";s:0:"";s:15:"classToOverload";s:0:"";s:9:"skinGroup";s:11:"skin_boards";s:12:"skinFunction";s:18:"boardIndexTemplate";s:4:"type";s:7:"foreach";s:2:"id";s:11:"side_blocks";s:8:"position";s:9:"outer.pre";}]]></hook_data>
      <hooks_source><![CDATA[<?php

class boardIndexShareLinks
{
	private $hookGateway;
	
	public function __construct()
	{
		$registry    =  ipsRegistry::instance();
		
		require_once( IPSLib::getAppDir( 'core' ) . '/sources/classes/hooks/gateway.php' );
		$this->hookGateway = new core_hookGateway( $registry );
	}
	
	public function getOutput()
	{
		return $this->hookGateway->shareLinks();
	}	
}]]></hooks_source>
    </file>
  </hookfiles>
  <hookextras_settings/>
  <hookextras_language/>
  <hookextras_modules/>
  <hookextras_help/>
  <hookextras_templates/>
  <hookextras_css/>
  <hookextras_tasks/>
  <hookextras_database_create/>
  <hookextras_database_alter/>
  <hookextras_database_update/>
  <hookextras_database_insert/>
</hookexport>
